name,Apache bench-10000-100,Apache bench-10000-1000,jmeter2
AcceptFilter,"(4807.47, 4815.36, 5141.61)","(4083.19, 3912.93, 4003.98)","(4229.62, 4144.19, 3997.66)"
AcceptPathInfo,"(4806.90, 5034.38, 4814.30, 5001.22, 4853.74, 5175.60)","(4081.62, 4010.34, 4027.24, 3974.44, 3963.24, 3922.46)","(4237.67, 4151.66, 4063.03, 4031.05, 4214.81, 4148.33)"
AccessFileName,"(4823.13, 5166.24, 4974.10)","(4185.17, 4143.19, 4056.66)","(4260.81, 4165.21, 4118.50)"
AddDefaultCharset,"(4954.25, 5070.15, 5095.31, 5093.73, 5010.99, 5034.10)","(4161.72, 3866.94, 4088.33, 4003.17, 4018.56, 4108.57)","(3906.36, 4189.60, 3962.39, 3908.51, 4284.80, 3983.48)"
AllowEncodedSlashes,"(5161.32, 5113.18, 4985.17, 4906.13, 5014.69, 5139.66)","(4194.29, 4120.96, 4183.11, 4031.76, 4097.33, 4092.88)","(4159.18, 4154.45, 4137.75, 4149.45, 4137.58, 4132.45)"
AllowOverride,"(5152.08, 5022.29, 4965.35, 5053.18, 5105.72, 5109.92)","(3861.72, 4033.40, 4034.25, 4043.42, 4062.87, 3916.77)","(4259.89, 4253.87, 4009.11, 3958.79, 4106.08, 3993.99)"
AllowOverrideList,"(4955.93, 5097.20, 5022.85)","(3866.95, 3960.57, 3894.28)","(3962.63, 4186.73, 4025.35)"
CGIMapExtension,"(4857.65, 5069.08, 4968.21)","(3908.21, 4057.70, 4023.81)","(4024.57, 4032.43, 4039.95)"
CGIPassAuth,"(4832.36, 4929.45)","(3853.67, 4062.91)","(4052.48, 4140.04)"
CGIVar,"(4977.63, 5028.26, 5022.15)","(3947.73, 3991.26, 4040.67)","(4307.29, 4078.28, 3904.56)"
ContentDigest,"(4362.96, 4841.24)","(4063.53, 3931.75)","(3601.40, 3921.86)"
DefaultRuntimeDir,"(4788.63, 4874.45, 5051.29)","(3936.07, 3990.88, 3978.14)","(4187.11, 4076.79, 4054.47)"
DefaultType,"(5211.69, 5058.80, 4924.69)","(4117.25, 4048.00, 4096.74)","(3944.80, 4102.86, 4090.91)"
Define,"(4964.67, 4977.45, 5073.28)","(4178.88, 3823.81, 3820.55)","(4219.82, 4055.37, 4010.13)"
DocumentRoot,"(5083.24, 5011.07, 5038.58)","(4105.99, 4029.81, 4049.72)","(4050.81, 4068.31, 4085.81)"
EnableMMAP,"(5237.53, 4922.67)","(3874.20, 4019.36)","(4074.49, 4099.56)"
EnableSendfile,"(6680.62, 5094.88)","(4182.85, 3827.91)","(4709.60, 3585.05)"
Error,"(5054.83, 5040.80, 5043.54)","(3973.64, 3981.36, 3984.31)","(4298.87, 4046.53, 4114.25)"
ErrorDocument,"(5078.23, 5007.22, 5005.02)","(3867.13, 3957.70, 4099.34)","(4265.77, 4193.29, 3965.92)"
ErrorLog,"(4889.17, 5050.16, 4949.21)","(3965.83, 4016.10, 3995.16)","(4192.21, 4155.31, 4098.03)"
ErrorLogFormat,"(4969.34, 5082.63, 5075.34)","(3940.73, 3995.83, 3979.55)","(4035.63, 4098.88, 4128.76)"
ExtendedStatus,"(4904.79, 4953.20)","(4095.95, 3976.42)","(4250.36, 4045.70)"
FileETag,"(5261.74, 5172.64, 5023.24)","(3855.91, 4036.44, 3920.58)","(4258.63, 4233.59, 4019.11)"
FlushMaxPipelined,"(4673.85, 4774.45, 5052.97)","(3849.95, 4071.38, 3988.71)","(4128.64, 4100.25, 4104.33)"
FlushMaxThreshold,"(5899.24, 5200.82, 5025.40)","(3955.65, 3963.04, 4032.21)","(4754.89, 4091.60, 4221.70)"
ForceType,"(5224.24, 4899.48, 4910.22)","(3890.70, 3944.50, 4076.61)","(4085.31, 4102.71, 4101.89)"
GprofDir,"(5080.47, 5044.51, 4999.36)","(4047.83, 3991.92, 3961.49)","(4252.98, 4173.77, 4027.93)"
HostnameLookups,"(4997.09, 5008.56, 5041.81, 5059.43, 5039.51, 5036.55)","(3966.49, 4017.03, 4013.25, 4007.96, 3982.12, 3989.88)","(4128.01, 4083.27, 4103.53, 4126.11, 4127.07, 4093.59)"
HttpProtocolOptions,"(5065.47, 5008.62, 5007.72, 4995.25, 5049.87, 5013.19)","(4033.18, 4014.58, 3987.03, 3982.72, 3980.29, 3966.30)","(4067.00, 4132.80, 4069.78, 4119.46, 4104.33, 4080.51)"
Include,"(4952.81, 4977.25, 5088.25, 5104.54, 4984.53, 4970.61)","(3813.44, 3913.67, 3963.55, 3991.67, 3962.47, 3853.02)","(4229.85, 4139.15, 4040.78, 4091.16, 3985.83, 4164.29)"
IncludeOptional,"(5136.05, 4956.13, 4968.12, 4929.49, 4957.25, 5028.11)","(4189.04, 3876.63, 4146.03, 4060.66, 3805.92, 3811.51)","(4115.87, 4111.29, 4098.73, 4110.10, 4098.13, 4097.92)"
KeepAlive,"(5275.74, 5102.17)","(4183.14, 4036.96)","(3676.50, 4381.52)"
KeepAliveTimeout,"(4968.09, 4975.46, 4975.58)","(3950.77, 3966.91, 4002.41)","(4118.55, 4097.56, 4098.04)"
LimitInternalRecursion,"(5067.77, 5046.72, 5048.50)","(3972.62, 3998.24, 3978.92)","(4132.76, 4084.69, 4092.67)"
LimitRequestBody,"(4823.67, 5194.02, 4953.72)","(4143.51, 3931.14, 4068.21)","(4214.07, 4096.69, 4095.41)"
LimitRequestFields,"(5103.09, 4958.80, 5026.58)","(2372.09, 4631.92, 5371.07)","(3989.95, 4137.24, 4202.39)"
LimitRequestFieldSize,"(4973.44, 5039.91, 5021.49)","(4049.40, 3946.96, 4039.89)","(4247.64, 4024.89, 4085.43)"
LimitRequestLine,"(5261.27, 5251.94, 5055.69)","(4069.85, 4016.83, 3944.75)","(4302.79, 4227.83, 4043.88)"
LimitXMLRequestBody,"(5415.74, 5028.98, 4780.90)","(4279.03, 4275.66, 3777.63)","(4859.77, 4403.50, 3954.31)"
LogLevel,"(4950.82, 5103.86, 5045.76)","(4053.21, 3983.37, 3939.10)","(4209.41, 4085.83, 4138.69)"
MaxKeepAliveRequests,"(6026.01, 5983.21, 5595.94)","(4792.68, 4182.38, 4198.64)","(4865.57, 4033.34, 4115.81)"
MaxRangeOverlaps,"(4819.52, 4942.47, 5071.38, 4892.66, 5164.93, 4943.05)","(4047.76, 3991.19, 4021.56, 3978.98, 4043.35, 4035.26)","(4149.64, 4131.83, 4138.04, 4123.41, 4146.17, 4110.95)"
MaxRangeReversals,"(5225.87, 4958.67, 5124.48, 5137.04, 5101.95, 5054.12)","(4181.62, 3905.29, 4122.57, 3826.12, 3974.01, 3812.94)","(4197.42, 4170.60, 4180.05, 4135.56, 4103.61, 4022.51)"
MaxRanges,"(5242.32, 5069.12, 5014.69, 5180.05, 4834.85, 4989.29)","(3881.25, 4057.65, 4027.53, 4090.97, 4011.75, 3922.52)","(4019.13, 4140.10, 4025.94, 4091.12, 4155.83, 4081.67)"
MergeSlashes,"(4980.31, 5028.97)","(4144.75, 3929.59)","(4061.72, 4109.93)"
MergeTrailers,"(5446.22, 5351.89)","(4490.93, 4365.85)","(4904.20, 3833.80)"
Mutex,"(5745.96, 5693.17, 5001.56)","(3888.28, 3911.88, 3905.90)","(4186.14, 4068.54, 4032.49)"
NameVirtualHost,"(5024.59, 5029.79)","(3985.55, 3987.62)","(4071.03, 4098.32)"
Options,"(5160.81, 4937.04, 4911.81)","(4013.73, 4011.81, 3997.90)","(3969.84, 4058.76, 4110.44)"
Protocol,"(5034.63, 5031.38, 5029.19)","(3974.11, 3999.24, 3974.82)","(4105.14, 4105.08, 4105.08)"
Protocols,"(4999.75, 5012.93, 5059.12)","(4007.06, 3986.70, 3990.43)","(4074.42, 4085.95, 4095.93)"
ProtocolsHonorOrder,"(5074.04, 5061.29)","(3978.72, 4004.61)","(4129.94, 4096.59)"
QualifyRedirectURL,"(4953.15, 4961.46)","(3912.50, 4001.05)","(4197.95, 4089.99)"
ReadBufferSize,"(5511.55, 5418.62, 4971.03)","(3914.56, 4041.77, 3999.30)","(4707.97, 4380.63, 4423.22)"
RegexDefaultOptions,"(5042.02, 5039.58, 5037.02)","(4003.41, 3994.36, 3988.72)","(4058.12, 4071.23, 4122.90)"
RegisterHttpMethod,"(5218.28, 4988.81, 4935.42)","(3801.30, 3979.90, 4080.67)","(4098.88, 4101.19, 4099.64)"
RLimitCPU,"(5573.56, 5174.30, 4949.22)","(4540.58, 3677.40, 3902.54)","(4033.37, 4161.15, 4139.09)"
RLimitMEM,"(5951.09, 5271.16, 4163.45)","(4723.13, 4394.80, 3324.89)","(3995.96, 4201.00, 4178.58)"
RLimitNPROC,"(5995.73, 4693.64, 5567.29)","(4786.71, 4774.09, 4557.37)","(4058.32, 4061.93, 4098.07)"
ScriptInterpreterSource,"(4941.82, 5081.06, 5034.06)","(3864.78, 3918.18, 4123.13)","(4151.87, 4118.86, 4149.68)"
SeeRequestTail,"(5007.53, 5047.29)","(3854.53, 4052.08)","(4308.18, 4035.49)"
ServerAdmin,"(4987.82, 5060.47, 5050.05)","(4056.64, 3998.26, 4009.03)","(4126.42, 4095.89, 4088.69)"
ServerAlias,"(5226.01, 5221.39, 5190.64)","(4119.66, 4077.78, 3956.12)","(4053.12, 4060.22, 4058.47)"
ServerName,"(5241.43, 5231.69, 5111.81)","(4107.18, 3988.62, 3883.76)","(4294.18, 4062.03, 3962.40)"
ServerPath,"(5037.64, 5026.41, 5022.02)","(4013.84, 3989.15, 3988.67)","(4152.86, 4078.05, 4117.70)"
ServerRoot,"(5254.91, 4882.12, 5133.07)","(3997.15, 3993.73, 3995.72)","(4022.83, 4179.02, 4133.21)"
ServerSignature,"(5046.67, 5014.81, 5017.03, 5032.49, 5040.71, 5028.88)","(3980.05, 3999.89, 3995.24, 3992.79, 3992.49, 3991.11)","(4130.80, 4079.62, 4087.97, 4105.17, 4109.49, 4129.46)"
ServerTokens,"(5150.89, 5090.93, 5083.67, 5101.77, 4960.87, 5070.61)","(4125.64, 4096.83, 3930.23, 4076.41, 4109.06, 3931.71)","(4085.23, 4098.40, 4106.53, 4090.64, 4113.97, 4092.83)"
SetHandler,"(5010.38, 5043.62, 5010.94)","(4008.24, 3981.43, 4002.96)","(4079.45, 4099.56, 4097.31)"
SetInputFilter,"(5904.90, 5807.63, 5459.89)","(3849.35, 3874.23, 4121.65)","(4255.87, 4297.20, 'error')"
SetOutputFilter,"(5029.32, 5029.37, 5029.61)","(4162.48, 4097.93, 3917.61)","(4150.50, 4138.76, 4120.92)"
StrictHostCheck,"(4903.21, 5005.47)","(3946.79, 3990.70)","(3959.27, 4136.95)"
TimeOut,"(5246.48, 5216.60, 5230.36)","(4136.37, 3947.33, 4093.83)","(4007.82, 4039.65, 4154.83)"
TraceEnable,"(5093.11, 5059.59, 4992.11, 5071.89, 4985.17, 5009.19)","(4108.89, 4080.12, 4043.00, 3893.30, 4092.01, 4000.32)","(3993.46, 4003.69, 4067.15, 4054.91, 4114.79, 4083.64)"
UnDefine,"(4952.24, 5066.47, 5048.27)","(3874.57, 3916.80, 3940.97)","(3973.77, 4001.82, 4201.63)"
UseCanonicalName,"(5000.29, 5002.42, 5014.36)","(4090.63, 3992.45, 3976.12)","(3964.16, 4034.01, 4102.13)"
UseCanonicalPhysicalPort,"(5075.95, 5042.81)","(4017.32, 4012.43)","(4129.02, 4099.88)"
